"","event_phase","total_likes","total_comments","total_shares","platform"
"1","Après débunkage du fait",563995,NA,164192,"Twitter"
"2","Début du fait",34896,NA,6265,"Twitter"
"3","Fin du fait",35435,NA,8071,"Twitter"
"4","Pic du fait",43094,NA,16909,"Twitter"
"5","Après débunkage du fait",2075,451,0,"Facebook"
"6","Début du fait",246,0,0,"Facebook"
"7","Fin du fait",4296,0,0,"Facebook"
"8","Pic du fait",18986,0,0,"Facebook"
"9","Unknown",0,0,0,"Facebook"
"10","Après débunkage du fait",930,60,0,"Reddit"
"11","Début du fait",5518,436,0,"Reddit"
"12","Pic du fait",390,0,0,"Reddit"
