"";"classe 1";"classe 2"
"balloon";-14,787;14,787
"chinese";-44,893;44,893
"spy";-30,346;30,346
"fly";-10,565;10,565
"china";30,682;-30,682
"taiwan";-0,728;0,728
"down";11,191;-11,191
"military";-31,295;31,295
"biden";-41,431;41,431
"like";-19,746;19,746
"what";-4,149;4,149
"shoot";20,389;-20,389
"https";25,461;-25,461
"know";1,018;-1,018
"trump";-16,548;16,548
"state";0,699;-0,699
"base";-18,837;18,837
"time";-14,292;14,292
"ministry";2,315;-2,315
"country";-6,878;6,878
"thing";-0,004;0,004
"detect";0,508;-0,508
"person";-3,021;3,021
"cross";-3,11;3,11
"allow";-26,967;26,967
"high";17,081;-17,081
"airspace";1,044;-1,044
"war";-1,874;1,874
"weather";7,861;-7,861
"russian";-13,935;13,935
"air";17,32;-17,32
"year";-10,868;10,868
"satellite";14,762;-14,762
"report";0,321;-0,321
"missile";2,403;-2,403
"joe";-9,704;9,704
"unite";0,034;-0,034
"need";-0,479;0,479
"surveillance";5,231;-5,231
"secret";1,044;-1,044
"defense";0,341;-0,341
"day";-8,717;8,717
"news";1,58;-1,58
"man";-8,073;8,073
"intelligence";12,486;-12,486
"border";-16,783;16,783
"administration";-12,293;12,293
"national";1,118;-1,118
"government";0,12;-0,12
"well";2,151;-2,151
"official";6,879;-6,879
"nuclear";-0,132;0,132
"let";-16,791;16,791
"area";-5,065;5,065
"america";-11,732;11,732
"silo";16,651;-16,651
"russia";-13,183;13,183
"remember";-16,791;16,791
"reason";5,943;-5,943
"0001f923";-6,196;6,196
"world";0,325;-0,325
"montana";-0,002;0,002
"information";6,43;-6,43
"american";0,651;-0,651
"president";-7,489;7,489
"defence";0,508;-0,508
"tell";-5,721;5,721
"big";2,586;-2,586
"track";8,982;-8,982
"good";5,47;-5,47
"float";-3,53;3,53
"equipment";2,829;-2,829
"coast";-7,489;7,489
"classify";-9,647;9,647
"ccp";-0,237;0,237
"post";16,651;-16,651
"north";-1,391;1,391
"lol";7,052;-7,052
"happen";-9,647;9,647
"gt";17,867;-17,867
"entire";-1,788;1,788
"election";-2,588;2,588
"document";-5,859;5,859
"call";0,689;-0,689
"believe";1,882;-1,882
"back";-1,788;1,788
"www";10,162;-10,162
"worry";0,071;-0,071
"sub";-3,53;3,53
"stuff";0,312;-0,312
"spot";-0,608;0,608
"south";-0,319;0,319
"point";-0,319;0,319
"home";-9,603;9,603
"force";5,556;-5,556
"aware";0;0
"watch";0,724;-0,724
"threat";-0,002;0,002
"start";-0,884;0,884
"ship";-6,074;6,074
"nation";0,071;-0,071
"find";-2,852;2,852
"enter";-4,288;4,288
"cause";5,034;-5,034
"ukraine";-9,603;9,603
"space";14,229;-14,229
"release";13,023;-13,023
"reddit";11,821;-11,821
"org";6,688;-6,688
"money";-0,435;0,435
"launch";3,166;-3,166
"house";-2,209;2,209
"fe0f";-0,728;0,728
"claim";3,166;-3,166
"bad";-4,288;4,288
"story";-6,074;6,074
"source";8,994;-8,994
"question";6,688;-6,688
"public";10,623;-10,623
"past";-0,078;0,078
"old";-6,196;6,196
"mark";4,444;-4,444
"late";0,386;-0,386
"incident";7,835;-7,835
"hunter";-7,834;7,834
"hear";3,166;-3,166
"give";-1,612;1,612
"answer";13,023;-13,023
"altitude";11,821;-11,821
"work";-0,608;0,608
"word";0,321;-0,321
"white";-8,717;8,717
"wait";-5,352;5,352
"talk";-0,608;0,608
"rule";9,429;-9,429
"problem";-4,519;4,519
"previous";2,315;-2,315
"object";2,315;-2,315
"navy";-2,588;2,588
"move";-0,032;0,032
"million";-8,717;8,717
"low";6,688;-6,688
"lot";-7,834;7,834
"line";-0,884;0,884
"leave";-0,608;0,608
"hard";-2,803;2,803
"google";9,429;-9,429
"drift";7,835;-7,835
"aircraft";0,341;-0,341
"0001f602";-3,699;3,699
"yeah";1,537;-1,537
"traverse";-4,519;4,519
"surprise";-3,699;3,699
"sunday";0,023;-0,023
"risk";5,556;-5,556
"plane";0,341;-0,341
"payload";1,811;-1,811
"pay";-7,834;7,834
"milley";5,866;-5,866
"land";0,035;-0,035
"issue";-2,11;2,11
"international";-0,032;0,032
"interest";-0,011;0,011
"include";0,865;-0,865
"important";-2,124;2,124
"hour";0,508;-0,508
"guy";-4,519;4,519
"fuck";-4,519;4,519
"florida";-7,834;7,834
"feel";-7,834;7,834
"en";1,02;-1,02
"cuba";-7,834;7,834
"continental";-0,011;0,011
"collect";1,537;-1,537
"care";-4,519;4,519
"airship";8,238;-8,238
"admit";1,537;-1,537
"act";-2,11;2,11
"wind";1,811;-1,811
"wikipedia";5,866;-5,866
"water";0,865;-0,865
"usa";-3,699;3,699
"travel";-1,464;1,464
"top";0,047;-0,047
"submarine";-6,953;6,953
"straight";-0,201;0,201
"situation";0,865;-0,865
"side";3,359;-3,359
"show";0,865;-0,865
"shit";-1,464;1,464
"population";4,444;-4,444
"play";-2,899;2,899
"party";-6,953;6,953
"pacific";9,429;-9,429
"mile";-6,953;6,953
"matter";-2,899;2,899
"jet";1,811;-1,811
"fall";-0,247;0,247
"easy";5,556;-5,556
"drone";1,811;-1,811
"donald";-6,953;6,953
"datum";-0,032;0,032
"confirm";1,811;-1,811
"concern";7,05;-7,05
"comment";9,429;-9,429
"attack";-0,403;0,403
"age";-6,953;6,953
"woman";-3,456;3,456
"wiki";4,686;-4,686
"wake";-6,074;6,074
"tiktok";0,341;-0,341
"stop";-2,899;2,899
"site";0,035;-0,035
"senior";4,444;-4,444
"send";0,035;-0,035
"security";0,386;-0,386
"recent";5,866;-5,866
"receive";2,315;-2,315
"real";-0,884;0,884
"purpose";-1,391;1,391
"pretty";8,238;-8,238
"press";3,359;-3,359
"prc";4,444;-4,444
"pentagon";8,238;-8,238
"open";-5,199;5,199
"office";-2,899;2,899
"nuke";3,359;-3,359
"long";0,341;-0,341
"live";-1,391;1,391
"literally";0,035;-0,035
"lie";-0,884;0,884
"learn";8,238;-8,238
"law";-0,078;0,078
"illegal";-4,326;4,326
"hide";4,444;-4,444
"general";8,238;-8,238
"foreign";4,444;-4,444
"enemy";0,341;-0,341
"effective";5,866;-5,866
"device";1,811;-1,811
"detail";8,238;-8,238
"dakota";-0,201;0,201
"build";-5,199;5,199
"bite";5,866;-5,866
"billion";-2,899;2,899
"accuse";1,343;-1,343
"wow";1,02;-1,02
"warship";-5,199;5,199
"vote";-2,124;2,124
"understand";2,315;-2,315
"twitter";5,866;-5,866
"train";-2,124;2,124
"target";0,035;-0,035
"system";-0,728;0,728
"super";-0,078;0,078
"spend";-1,391;1,391
"soil";-5,199;5,199
"size";3,359;-3,359
"signal";7,05;-7,05
"sensitive";-2,124;2,124
"research";2,315;-2,315
"police";-0,078;0,078
"place";-0,078;0,078
"picture";3,359;-3,359
"orbit";0,508;-0,508
"multiple";0,023;-0,023
"middle";0,035;-0,035
"medium";-5,199;5,199
"large";0,386;-0,386
"laptop";-5,199;5,199
"kill";-5,199;5,199
"job";0,035;-0,035
"intercept";5,866;-5,866
"hold";5,866;-5,866
"hate";-0,403;0,403
"handle";-0,078;0,078
"guess";0,035;-0,035
"gather";7,05;-7,05
"forget";-5,199;5,199
"flight";7,05;-7,05
"fee";-1,391;1,391
"fast";-0,078;0,078
"fairly";0,035;-0,035
"democrat";-5,199;5,199
"debris";1,02;-1,02
"deal";5,866;-5,866
"craft";2,315;-2,315
"continue";0,035;-0,035
"consider";-0,078;0,078
"communication";3,359;-3,359
"close";-1,391;1,391
"clearance";1,02;-1,02
"china_s";-0,403;0,403
"child";-2,124;2,124
"capable";-0,403;0,403
"capability";7,05;-7,05
"budget";0,386;-0,386
"bring";-2,124;2,124
"basically";5,866;-5,866
"assume";-0,728;0,728
"asian";5,866;-5,866
"americans";-2,124;2,124
"actual";-2,124;2,124
"access";0,035;-0,035
"0001f921";-3,456;3,456
"0001f525";-3,456;3,456
"wonder";5,866;-5,866
"weapon";-0,078;0,078
"video";1,343;-1,343
"trust";1,343;-1,343
"true";4,686;-4,686
"today";-0,078;0,078
"test";0,386;-0,386
"territory";0,386;-0,386
"support";-0,201;0,201
"steal";-3,456;3,456
"statement";5,866;-5,866
"southern";-4,326;4,326
"sky";0,386;-0,386
"single";0,386;-0,386
"set";-4,326;4,326
"sense";1,343;-1,343
"result";4,686;-4,686
"racism";0,386;-0,386
"putin";-4,326;4,326
"put";-1,391;1,391
"publicly";1,343;-1,343
"protect";-1,391;1,391
"power";0,386;-0,386
"part";2,315;-2,315
"order";4,686;-4,686
"obvious";-0,078;0,078
"nature";0,386;-0,386
"nato";-2,588;2,588
"mistake";2,315;-2,315
"mind";-3,456;3,456
"location";2,315;-2,315
"info";-0,201;0,201
"image";2,315;-2,315
"history";0,386;-0,386
"govt";0,386;-0,386
"foot";1,343;-1,343
"fire";-4,326;4,326
"february";1,343;-1,343
"family";-4,326;4,326
"evidence";0,023;-0,023
"east";-0,078;0,078
"dumb";-1,391;1,391
"due";4,686;-4,686
"dod";-1,391;1,391
"develop";4,686;-4,686
"department";0,386;-0,386
"deny";-1,391;1,391
"current";-3,456;3,456
"control";2,315;-2,315
"contact";0,508;-0,508
"confuse";-1,391;1,391
"civilian";5,866;-5,866
"catch";-4,326;4,326
"buy";-1,391;1,391
"atlantic";0,386;-0,386
"assessment";1,343;-1,343
"arrest";-0,728;0,728
"america_s";-0,078;0,078
"ago";-3,456;3,456
"additional";-1,391;1,391
"account";0,386;-0,386
"0001f3af";-0,201;0,201
"0001f388";-4,326;4,326
"yea";-0,728;0,728
"xi";-0,201;0,201
"wrong";-0,201;0,201
"ve";-0,728;0,728
"truth";-0,728;0,728
"transit";1,343;-1,343
"traitor";-3,456;3,456
"thunder";0,023;-0,023
"texas";-0,728;0,728
"technology";-2,588;2,588
"tech";4,686;-4,686
"superpower";-0,201;0,201
"stray";4,686;-4,686
"station";0,023;-0,023
"sort";1,343;-1,343
"son";-3,456;3,456
"soldier";-0,728;0,728
"similar";-0,728;0,728
"share";0,023;-0,023
"sell";-3,456;3,456
"secretary";-0,201;0,201
"reveal";1,343;-1,343
"restrict";4,686;-4,686
"response";-0,201;0,201
"regret";4,686;-4,686
"refuse";-3,456;3,456
"recover";0,023;-0,023
"push";-2,588;2,588
"proven";4,686;-4,686
"propaganda";4,686;-4,686
"path";4,686;-4,686
"operate";4,686;-4,686
"onboard";4,686;-4,686
"occasion";-3,456;3,456
"note";-2,588;2,588
"member";-3,456;3,456
"map";-3,456;3,456
"manage";-0,201;0,201
"major";0,023;-0,023
"maintain";0,508;-0,508
"lose";4,686;-4,686
"local";1,343;-1,343
"limit";4,686;-4,686
"life";-3,456;3,456
"laura";-2,588;2,588
"launder";1,343;-1,343
"kind";1,343;-1,343
"joebiden";-3,456;3,456
"intel";1,343;-1,343
"installation";-3,456;3,456
"inflation";-3,456;3,456
"incursion";0,023;-0,023
"hurt";1,343;-1,343
"hit";-0,728;0,728
"hey";0,023;-0,023
"head";-3,456;3,456
"grind";1,343;-1,343
"great";0,023;-0,023
"gov";4,686;-4,686
"gonna";1,343;-1,343
"girl";-3,456;3,456
"generally";1,343;-1,343
"garbage";-3,456;3,456
"gain";-0,201;0,201
"front";-3,456;3,456
"fighter";1,343;-1,343
"false";4,686;-4,686
"fake";0,023;-0,023
"fact";-0,728;0,728
"expect";-0,728;0,728
"excuse";0,023;-0,023
"event";-3,456;3,456
"end";0,023;-0,023
"edit";4,686;-4,686
"easily";1,343;-1,343
"earth";4,686;-4,686
"dude";1,343;-1,343
"destroy";0,023;-0,023
"deep";-2,588;2,588
"dangerous";-3,456;3,456
"damn";0,023;-0,023
"create";-3,456;3,456
"crazy";-0,728;0,728
"couple";4,686;-4,686
"cost";4,686;-4,686
"cool";4,686;-4,686
"completely";0,023;-0,023
"command";0,508;-0,508
"comer";1,343;-1,343
"chief";4,686;-4,686
"check";-0,728;0,728
"charge";0,023;-0,023
"bus";0,023;-0,023
"burst";-0,728;0,728
"bullet";4,686;-4,686
"break";4,686;-4,686
"blow";1,343;-1,343
"automatically";-0,728;0,728
"attention";-0,728;0,728
"apparently";0,023;-0,023
"anti";4,686;-4,686
"aim";0,508;-0,508
"action";0,023;-0,023
"accept";1,343;-1,343
"yesterday";-0,201;0,201
"write";-2,588;2,588
"worth";-0,201;0,201
"wildfire";3,509;-3,509
"wild";-0,201;0,201
"wichita";-2,588;2,588
"western";0,508;-0,508
"west";-0,201;0,201
"week";-0,201;0,201
"violate";0,508;-0,508
"verge";-0,201;0,201
"u2s";3,509;-3,509
"turn";-0,201;0,201
"troll";0,508;-0,508
"transmit";-0,201;0,201
"trade";-0,201;0,201
"tour";0,508;-0,508
"totally";-0,201;0,201
"terrorist";-2,588;2,588
"term";-0,201;0,201
"teach";-2,588;2,588
"tank";-0,201;0,201
"stupid";-2,588;2,588
"student";-0,201;0,201
"street";-0,201;0,201
"status";3,509;-3,509
"spread";3,509;-3,509
"speed";0,508;-0,508
"soon";0,508;-0,508
"sleep";-2,588;2,588
"sincerely";0,508;-0,508
"short";-0,201;0,201
"shelf";0,508;-0,508
"sexual";-2,588;2,588
"schumer";-0,201;0,201
"school";-2,588;2,588
"sanction";-2,588;2,588
"russia_s";-2,588;2,588
"run";-2,588;2,588
"reuters";0,508;-0,508
"retaliation";-0,201;0,201
"responsibility";3,509;-3,509
"reply";3,509;-3,509
"remind";-0,201;0,201
"recognize";0,508;-0,508
"realize";-0,201;0,201
"ready";-2,588;2,588
"raise";-0,201;0,201
"professor";3,509;-3,509
"powerful";-0,201;0,201
"position";0,508;-0,508
"pompeo";-0,201;0,201
"plenty";0,508;-0,508
"player";-2,588;2,588
"pla";-0,201;0,201
"piss";0,508;-0,508
"pics";0,508;-0,508
"pick";-0,201;0,201
"photo";3,509;-3,509
"paper";-2,588;2,588
"pant";-2,588;2,588
"paint";-0,201;0,201
"oversight";3,509;-3,509
"october";-0,201;0,201
"norad";-0,201;0,201
"night";-2,588;2,588
"miss";-0,201;0,201
"mike";-0,201;0,201
"meteorological";0,508;-0,508
"measure";-2,588;2,588
"material";-0,201;0,201
"majority";0,508;-0,508
"maga";-2,588;2,588
"loomer";-2,588;2,588
"load";-0,201;0,201
"lmao";3,509;-3,509
"literal";0,508;-0,508
"link";0,508;-0,508
"likelihood";3,509;-3,509
"level";0,508;-0,508
"legal";-0,201;0,201
"label";-2,588;2,588
"knowledge";0,508;-0,508
"kinda";-0,201;0,201
"jump";-0,201;0,201
"instruction";-2,588;2,588
"incredibly";0,508;-0,508
"inconsistent";3,509;-3,509
"incendiary";3,509;-3,509
"imagine";0,508;-0,508
"idk";-2,588;2,588
"human";0,508;-0,508
"huge";-0,201;0,201
"hell";-0,201;0,201
"hack";-2,588;2,588
"group";3,509;-3,509
"grid";-2,588;2,588
"god";-2,588;2,588
"giant";-2,588;2,588
"garage";-2,588;2,588
"gap";-0,201;0,201
"fox";-0,201;0,201
"forum";3,509;-3,509
"footage";0,508;-0,508
"food";-2,588;2,588
"follow";-0,201;0,201
"fight";-2,588;2,588
"field";-0,201;0,201
"fear";0,508;-0,508
"failure";-0,201;0,201
"explanation";0,508;-0,508
"espionage";0,508;-0,508
"employee";0,508;-0,508
"economy";-2,588;2,588
"early";0,508;-0,508
"drug";-2,588;2,588
"drop";0,508;-0,508
"doubt";0,508;-0,508
"discuss";0,508;-0,508
"discord";3,509;-3,509
"destruct";0,508;-0,508
"daily";-2,588;2,588
"cut";-0,201;0,201
"continent";3,509;-3,509
"conjunction";3,509;-3,509
"compromise";-2,588;2,588
"cia";0,508;-0,508
"case";0,508;-0,508
"carry";3,509;-3,509
"cans";0,508;-0,508
"canada";-0,201;0,201
"california";3,509;-3,509
"bunch";0,508;-0,508
"bull";-0,201;0,201
"board";0,508;-0,508
"blood";-2,588;2,588
"blame";-0,201;0,201
"bitch";0,508;-0,508
"bill";-2,588;2,588
"beat";-2,588;2,588
"background";-0,201;0,201
"assumption";-0,201;0,201
"army";-2,588;2,588
"ally";-0,201;0,201
"alberta";3,509;-3,509
"alaska";-0,201;0,201
"agent";3,509;-3,509
"agency";-0,201;0,201
"afghanistan";-2,588;2,588
"accidentally";0,508;-0,508
"absolutely";-2,588;2,588
"25fe";-2,588;2,588
"the";-0,777;0,777
"u";-2,643;2,643
"to";-4,135;4,135
"a";0,054;-0,054
"and";-1,168;1,168
"of";-0,139;0,139
"it";4,21;-4,21
"in";-3,726;3,726
"is";-0,091;0,091
"that";0,48;-0,48
"on";-2,001;2,001
"they";4,548;-4,548
"for";-0,243;0,243
"i";-0,56;0,56
"you";-0,21;0,21
"over";-7,9;7,9
"this";-4,767;4,767
"s";0,011;-0,011
"not";1,288;-1,288
"with";-0,661;0,661
"have";0,095;-0,095
"we";0,002;-0,002
"was";0,035;-0,035
"are";0,708;-0,708
"it_s";5,795;-5,795
"our";-12,517;12,517
"us";-0,858;0,858
"at";-0,42;0,42
"just";-1,188;1,188
"so";0,013;-0,013
"be";-0,041;0,041
"about";-0,086;0,086
"from";1,681;-1,681
"has";-0,158;0,158
"but";-0,282;0,282
"or";0,508;-0,508
"all";0,041;-0,041
"as";3,762;-3,762
"were";0,006;-0,006
"if";1,33;-1,33
"there";0,494;-0,494
"said";8,836;-8,836
"one";-0,733;0,733
"no";0,287;-0,287
"do";-1,624;1,624
"more";1,366;-1,366
"their";0,234;-0,234
"been";0,679;-0,679
"had";-2,805;2,805
"when";-12,513;12,513
"he";-15,353;15,353
"would";1,737;-1,737
"an";-2,092;2,092
"how";2,253;-2,253
"can";5,207;-5,207
"why";12,199;-12,199
"don_t";-0,998;0,998
"by";-0,008;0,008
"now";-1,219;1,219
"his";-25,084;25,084
"those";-0,734;0,734
"com";2,406;-2,406
"think";-0,914;0,914
"out";-2,109;2,109
"them";-0,104;0,104
"because";0,973;-0,973
"take";-0,283;0,283
"also";0,636;-0,636
"who";-13,648;13,648
"other";0,063;-0,063
"make";0,003;-0,003
"could";0,195;-0,195
"than";3,845;-3,845
"even";-0,081;0,081
"its";4,422;-4,422
"which";1,076;-1,076
"up";-9,443;9,443
"didn_t";-1,46;1,46
"my";-0,206;0,206
"any";4,741;-4,741
"off";-3,108;3,108
"into";1,99;-1,99
"get";-0,051;0,051
"your";-0,256;0,256
"did";-0,758;0,758
"around";0,689;-0,689
"before";0,642;-0,642
"mean";-0,206;0,206
"being";0,025;-0,025
"says";0,071;-0,071
"go";-3,876;3,876
"two";-2,11;2,11
"then";-0,479;0,479
"some";0,642;-0,642
"only";0,018;-0,018
"me";-1,04;1,04
"across";-0,157;0,157
"i_m";-0,835;0,835
"during";-4,969;4,969
"doesn_t";0,018;-0,018
"will";-3,606;3,606
"where";0,095;-0,095
"see";0,651;-0,651
"right";-1,232;1,232
"never";-6,49;6,49
"want";0,651;-0,651
"while";-0,157;0,157
"that_s";1,118;-1,118
"since";-0,319;0,319
"got";0;0
"3";-1,474;1,474
"very";0,319;-0,319
"three";-2,803;2,803
"there_s";-0,04;0,04
"such";1,811;-1,811
"does";1,118;-1,118
"look";0,005;-0,005
"least";-0,499;0,499
"every";0,071;-0,071
"can_t";1,255;-1,255
"after";-0,499;0,499
"through";-2,11;2,11
"should";-0,632;0,632
"say";-0,319;0,319
"going";-2,852;2,852
"ever";-0,814;0,814
"2";-0,632;0,632
"way";-0,064;0,064
"really";-0,319;0,319
"probably";0,071;-0,071
"much";-0,064;0,064
"last";-5,352;5,352
"anything";-1,788;1,788
"2023";0,071;-0,071
"used";0,071;-0,071
"until";-0,814;0,814
"under";-2,852;2,852
"too";0,312;-0,312
"though";0,059;-0,059
"they_re";0,724;-0,724
"these";0,071;-0,071
"second";3,509;-3,509
"nothing";-1,27;1,27
"most";-0,002;0,002
"maybe";-0,101;0,101
"getting";-1,27;1,27
"first";-0,157;0,157
"000";0,313;-0,313
"something";0,071;-0,071
"same";-7,049;7,049
"either";1,02;-1,02
"course";7,835;-7,835
"come";-0,435;0,435
"another";0,321;-0,321
"someone";8,994;-8,994
"seen";1,02;-1,02
"own";-0,157;0,157
"little";-0,435;0,435
"isn_t";2,313;-2,313
"he_s";-2,803;2,803
"etc";-0,435;0,435
"actually";3,166;-3,166
"4";1,368;-1,368
"yes";-0,032;0,032
"we_re";-0,011;0,011
"took";-2,803;2,803
"new";-1,391;1,391
"near";-2,124;2,124
"here";-0,011;0,011
"f";-0,884;0,884
"everyone";-2,11;2,11
"couldn_t";0,059;-0,059
"already";2,702;-2,702
"1";0,321;-0,321
"wasn_t";0,321;-0,321
"use";0,321;-0,321
"still";-0,032;0,032
"likely";2,702;-2,702
"again";-0,247;0,247
"above";2,315;-2,315
"won_t";-0,884;0,884
"without";-0,247;0,247
"what_s";-1,464;1,464
"themselves";2,702;-2,702
"taken";5,556;-5,556
"sure";0,047;-0,047
"possible";1,02;-1,02
"oh";-1,464;1,464
"might";-0,247;0,247
"him";-6,953;6,953
"former";-0,403;0,403
"exactly";2,315;-2,315
"especially";0,865;-0,865
"zero";-0,403;0,403
"you_re";-1,391;1,391
"whole";-0,032;0,032
"needs";0,341;-0,341
"done";-0,032;0,032
"doing";1,811;-1,811
"clearly";1,811;-1,811
"better";-4,326;4,326
"away";-2,899;2,899
"anyone";-0,884;0,884
"am";1,02;-1,02
"wouldn_t";0,386;-0,386
"wants";0,035;-0,035
"try";-0,403;0,403
"seems";0,386;-0,386
"plus";-0,403;0,403
"please";-0,078;0,078
"once";0,035;-0,035
"may";0,386;-0,386
"many";0,035;-0,035
"less";0,386;-0,386
"i_ve";-1,391;1,391
"given";0,035;-0,035
"everything";0,035;-0,035
"different";-0,078;0,078
"between";0,023;-0,023
"appear";1,02;-1,02
"5";0,023;-0,023
"we_ve";-0,078;0,078
"w";-2,588;2,588
"via";0,508;-0,508
"trying";-0,078;0,078
"tried";0,023;-0,023
"somehow";-0,078;0,078
"sent";0,508;-0,508
"self";0,508;-0,508
"saying";0,386;-0,386
"outside";-0,078;0,078
"nobody";-0,728;0,728
"let_s";-4,326;4,326
"knows";1,343;-1,343
"help";-0,728;0,728
"haven_t";2,315;-2,315
"few";0,386;-0,386
"enough";-0,078;0,078
"currently";-0,201;0,201
"ask";-0,078;0,078
"among";-0,078;0,078
"100";0,386;-0,386
"10";-1,391;1,391
"who_s";-3,456;3,456
"whether";4,686;-4,686
"whatever";0,023;-0,023
"v";0,508;-0,508
"using";4,686;-4,686
"useful";4,686;-4,686
"truly";0,023;-0,023
"she";0,023;-0,023
"several";0,023;-0,023
"serious";-0,728;0,728
"r";1,343;-1,343
"next";-3,456;3,456
"name";-0,201;0,201
"must";1,343;-1,343
"known";1,343;-1,343
"however";-2,588;2,588
"having";-3,456;3,456
"goes";-0,728;0,728
"gets";-0,728;0,728
"else";0,023;-0,023
"certainly";-2,588;2,588
"came";-0,728;0,728
"both";-0,201;0,201
"best";0,023;-0,023
"almost";-2,588;2,588
"according";-0,728;0,728
"able";0,023;-0,023
"90";0,508;-0,508
"9";-2,588;2,588
"25";-3,456;3,456
"20";-0,728;0,728
"12";-0,201;0,201
"yourself";-2,588;2,588
"you_ve";-0,201;0,201
"yet";0,508;-0,508
"within";0,508;-0,508
"whose";-0,201;0,201
"weren_t";-2,588;2,588
"various";0,508;-0,508
"third";-0,201;0,201
"they_ve";0,508;-0,508
"sorry";-2,588;2,588
"sometimes";-0,201;0,201
"saw";0,508;-0,508
"rather";0,508;-0,508
"ourselves";-0,201;0,201
"otherwise";0,508;-0,508
"others";0,508;-0,508
"ones";-0,201;0,201
"often";3,509;-3,509
"meanwhile";-0,201;0,201
"looks";-0,201;0,201
"instead";0,508;-0,508
"ignored";-2,588;2,588
"here_s";-0,201;0,201
"four";0,508;-0,508
"following";-0,201;0,201
"everywhere";0,508;-0,508
"definitely";-0,201;0,201
"considering";3,509;-3,509
"brief";3,509;-3,509
"behind";0,508;-0,508
"always";0,508;-0,508
"along";-2,588;2,588
"against";0,508;-0,508
"50";-2,588;2,588
"40";-2,588;2,588
"2020";0,508;-0,508
"2015";3,509;-3,509
"03";0,508;-0,508
"02";0,508;-0,508
"*id_10160114601274160";-1,723;1,723
"*id_1799888017265500416";0,508;-0,508
"*phase_Fin";0,778;-0,778
"*platform_Facebook";2,217;-2,217
"*id_1800201778392432896";0,012;-0,012
"*phase_Pic";26,974;-26,974
"*id_1800254127433286144";-0,86;0,86
"*id_1800892010691211520";-1,723;1,723
"*id_t1_j75iaso";3,509;-3,509
"*id_t1_j73yx9e";-1,723;1,723
"*id_1800338076100923392";1,166;-1,166
"*id_t1_j70tjxp";2,336;-2,336
"*phase_Début";20,627;-20,627
"*id_6148531251881822";2,336;-2,336
"*id_1651553642514886656";0,012;-0,012
"*id_811595517678757";0;0
"*id_t1_j746qb1";2,336;-2,336
"*id_t1_j7dz7y7";0,012;-0,012
"*id_t1_j71q9i6";0,012;-0,012
"*id_1800311326973350144";-1,723;1,723
"*id_1800571788298195456";2,336;-2,336
"du";-1,166;1,166
"*id_866680028656064";0;0
"*id_1800353151070929408";-0,86;0,86
"*id_t1_j713qfp";2,336;-2,336
"*id_t1_j75npdi";2,336;-2,336
"fait";-1,166;1,166
"*id_878401554150578";0;0
"*id_t1_j713af8";2,336;-2,336
"*id_1800445186880803328";-0,86;0,86
"*id_1800554268950413312";0;0
"*phase_Après";-71,732;71,732
"*id_1800446166871523584";-4,326;4,326
"*id_t3_10scu1l";2,336;-2,336
"*platform_Twitter";-160,794;160,794
"*id_765222945644684";0;0
"*id_678379907782506";0;0
"*id_t1_ktbaq5z";2,336;-2,336
"*id_1800675602619592960";0,012;-0,012
"*id_t1_j789d6l";2,336;-2,336
"*id_t1_kt8kabn";2,336;-2,336
"*id_1800001363868270592";-2,588;2,588
"*id_782939367350354";0;0
"*id_801706851997523";0;0
"*id_t1_j734wpx";0,508;-0,508
"*id_t1_j70vg1m";2,336;-2,336
"*id_t1_j75zg3c";0,012;-0,012
"*id_1800304961391304960";0;0
"*id_t1_j71q19g";2,336;-2,336
"*id_609200551245622";-2,588;2,588
"*id_t1_j7biwhi";1,343;-1,343
"*id_t1_ktb8liy";0,012;-0,012
"*id_t1_j721rcy";-1,723;1,723
"*id_t1_j72doqq";0;0
"*id_1800629895690641408";-1,723;1,723
"*id_671368948527826";0;0
"*id_t1_j72lkpp";-5,199;5,199
"*id_t1_j74dwk5";-0,201;0,201
"*id_t1_j76o9ui";-2,124;2,124
"*platform_Reddit";140,878;-140,878
"*id_6336052586407540";2,336;-2,336
"*id_t1_ktb9jzp";2,336;-2,336
"*id_t1_j70w1n1";4,444;-4,444
"*id_771143475196610";0;0
"*id_1800626178753171968";-5,199;5,199
"*id_1800898652510281984";-2,588;2,588
"*id_t1_j70wp8j";0,508;-0,508
"*id_1800299635527106816";0;0
"débunkage";-71,732;71,732
"*id_10159747517141408";0;0
"*id_1800435788842430720";-0,86;0,86
"*id_1792100320320815360";0,012;-0,012
"*id_t1_j79yyxf";2,336;-2,336
"*id_1800179200282030336";-1,723;1,723
"*id_t1_ktc6llp";2,336;-2,336
"*id_t1_j75fp0k";0,508;-0,508
"*id_t1_j72ua41";-0,201;0,201
"*id_t1_j72af4k";-1,723;1,723
"*id_1800768995680985344";1,166;-1,166
"*id_1800181501608542720";-0,201;0,201
"*id_t1_kt80sn1";2,336;-2,336
"*id_t1_j75ormi";0,778;-0,778
"*id_t1_j71ph0d";0,386;-0,386
"*id_10168202689905712";3,509;-3,509
"*id_t1_ktc7osf";2,336;-2,336
"*id_t1_j7c0gai";4,686;-4,686
"*id_775904867898898";0;0
"*id_1799430952143278336";-1,723;1,723
"*id_t1_j72ycru";0,012;-0,012
"*id_t1_kt9rfbi";9,429;-9,429
"*id_10161139794274300";2,336;-2,336
"*id_t1_j7a4d9w";0,508;-0,508
"*id_1800644163072880896";-0,728;0,728
"*id_t1_j72d0l0";2,336;-2,336
"*id_t1_j785sb0";0,012;-0,012
"*id_t1_j746a6c";0,012;-0,012
"*id_1800613370430644480";-1,391;1,391
"*id_t1_j73qhk4";0,012;-0,012
"*id_774439091393513";0;0
"*id_1800299144474775552";-0,86;0,86
"*id_1794985051072905216";-1,723;1,723
"*id_1800835266745430528";-1,723;1,723
"*id_t1_j75bloo";2,315;-2,315
"*id_10160886137242444";0;0
"*id_t1_ktb94nw";2,336;-2,336
"*id_t1_j70q5wz";3,509;-3,509
"*id_t1_kt7wxfr";2,336;-2,336
"*id_787930600044362";0;0
"*id_t1_j77doko";0,012;-0,012
"*id_1800326301733339648";-1,723;1,723
"*id_t1_j75m7l4";2,315;-2,315
"*id_1800888038970835200";-1,723;1,723
"*id_t1_kt68m5f";0,012;-0,012
"*id_1799930858843086848";0;0
"*id_1800633014663193088";-1,723;1,723
"*id_769236291894499";0;0
